En alakalı sayfalar,Tıklamalar,Gösterimler,TO,Pozisyon
https://aloyonetim.com.tr/,12,54,22.22%,4.31
https://aloyonetim.com.tr/tag/guvenlik-egitimi,1,50,2%,6.6
https://aloyonetim.com.tr/hizmetler,1,15,6.67%,2.13
https://aloyonetim.com.tr/bolgeler/kadikoy/tesis-yonetimi,1,14,7.14%,15.57
https://aloyonetim.com.tr/en,1,3,33.33%,3.67
https://aloyonetim.com.tr/iletisim,0,27,0%,2.93
https://aloyonetim.com.tr/bolgeler/kartal,0,25,0%,8.24
https://aloyonetim.com.tr/hakkimizda,0,15,0%,3.07
https://aloyonetim.com.tr/bolgeler/kadikoy,0,14,0%,9.57
https://aloyonetim.com.tr/bolgeler/basaksehir,0,9,0%,10.56
https://aloyonetim.com.tr/bolgeler/sisli/guvenlik-yonetimi,0,9,0%,58.56
https://aloyonetim.com.tr/bolgeler/atasehir,0,7,0%,7
https://aloyonetim.com.tr/bolgeler,0,6,0%,3.17
https://aloyonetim.com.tr/guvenlik-akademisi,0,6,0%,7.5
https://aloyonetim.com.tr/bolgeler/sariyer,0,5,0%,8
https://aloyonetim.com.tr/hizmetler/guvenlik-yonetimi,0,5,0%,10.2
https://aloyonetim.com.tr/hizmetler/havuz-bakimi-ve-hijyen,0,5,0%,14.6
https://aloyonetim.com.tr/sss,0,5,0%,16.6
https://aloyonetim.com.tr/bolgeler/sisli/tesis-yonetimi,0,4,0%,2
https://aloyonetim.com.tr/blog,0,4,0%,6
https://aloyonetim.com.tr/bolgeler/umraniye,0,4,0%,6.25
https://aloyonetim.com.tr/bolgeler/umraniye/hukuk-ve-icra-danismanligi,0,4,0%,7.5
https://aloyonetim.com.tr/bolgeler/sisli,0,4,0%,12.75
https://aloyonetim.com.tr/guvenlik-kursu-egitimi,0,3,0%,3
https://aloyonetim.com.tr/tag/guvenlik-kursu,0,3,0%,6.33
https://aloyonetim.com.tr/bolgeler/atasehir/tesis-yonetimi,0,3,0%,7
https://aloyonetim.com.tr/bolgeler/besiktas,0,3,0%,11.67
https://aloyonetim.com.tr/hizmetler/tesis-yonetimi,0,2,0%,1
https://aloyonetim.com.tr/bolgeler/besiktas/aidat-takibi,0,2,0%,6.5
https://aloyonetim.com.tr/ev-ofis-temizligi,0,2,0%,7
https://aloyonetim.com.tr/hizmetler/hukuk-ve-icra-danismanligi,0,2,0%,7.5
https://aloyonetim.com.tr/bolgeler/besiktas/temizlik-ve-hijyen,0,2,0%,8.5
https://aloyonetim.com.tr/527/deneme-haber-2.html,0,2,0%,19
https://aloyonetim.com.tr/bolgeler/kartal/tesis-yonetimi,0,2,0%,19
https://aloyonetim.com.tr/kurumsal/vizyon-misyon,0,2,0%,31
https://aloyonetim.com.tr/bolgeler/bakirkoy,0,1,0%,1
https://aloyonetim.com.tr/bolgeler/beylikduzu,0,1,0%,1
https://aloyonetim.com.tr/bolgeler/kartal/hasere-ve-dezenfeksiyon,0,1,0%,1
https://aloyonetim.com.tr/kvkk-ve-aydinlatma-metni,0,1,0%,1
https://aloyonetim.com.tr/site-apartman-guvenligi,0,1,0%,1
https://aloyonetim.com.tr/bolgeler/maltepe,0,1,0%,2
https://aloyonetim.com.tr/bolgeler/maltepe/tesis-yonetimi,0,1,0%,3
https://aloyonetim.com.tr/istihdam-koprusu,0,1,0%,5
https://aloyonetim.com.tr/bolgeler/umraniye/guvenlik-yonetimi,0,1,0%,8
https://aloyonetim.com.tr/hizmetler/hasere-ve-dezenfeksiyon,0,1,0%,8
https://aloyonetim.com.tr/hizmetler/teknik-bakim,0,1,0%,10
https://aloyonetim.com.tr/bolgeler/uskudar,0,1,0%,12
https://aloyonetim.com.tr/bolgeler/uskudar/teknik-bakim,0,1,0%,12
https://aloyonetim.com.tr/hizmetler/temizlik-ve-hijyen,0,1,0%,12
https://aloyonetim.com.tr/bolgeler/kartal/guvenlik-yonetimi,0,1,0%,54
https://aloyonetim.com.tr/54/deneme-haber-3-2.html,0,1,0%,56
https://aloyonetim.com.tr/gizlilik-politikasi,0,1,0%,63
https://aloyonetim.com.tr/kullanim-sartlari,0,1,0%,66