En çok yapılan sorgular,Tıklamalar,Gösterimler,TO,Pozisyon
alo yönetim ve organizasyon anonim şirketi,4,8,50%,1
alo güvenlik,1,27,3.7%,12.59
alo güvenlik kadıköy,0,9,0%,8.33
kartal site yönetimi,0,6,0%,20.83
sisli guvenlik sirketleri,0,6,0%,61.5
başakşehir site yönetimi,0,5,0%,9.8
sisli guvenlik firmasi,0,3,0%,52.67
kartal apartman yönetimi,0,2,0%,12.5
tesis yönetimi,0,2,0%,76
alo as,0,1,0%,4
site yönetim,0,1,0%,4
kartal bina yönetimi,0,1,0%,18
kadıköy site yönetimi,0,1,0%,22
site genel kurulu havuz bakım kararı,0,1,0%,33